"id","name","roomFloor","roomNumber","accessToFloor"
"1","Cami Beine","1","1","0"
"2","Waite Rheam","1","2","0"
"3","Debera Crosston","1","2","0"
"4","Lane Persich","1","3","0"
"5","Genevra Stonuary","1","4","0"
"6","Marcy Roddick","1","5","0"
"7","Bunnie Daniels","1","6","0"
"8","Averyl Popley","1","7","0"
"9","Haily Rollason","1","8","0"
"10","Lamont Smaile","1","6","0"
"11","Lacee Jiggins","1","5","0"
"12","Tilly Harbord","2","1","0"
"13","Celene Twentyman","2","1","0"
"14","Ase Frary","2","2","0"
"15","Hamlen Beverley","2","3","0"
"16","Lodovico Haggith","2","4","0"
"17","Naomi Moehle","2","5","0"
"18","Urban Stuther","2","6","0"
"19","Heinrick Timperley","2","7","0"
"20","Weston MacVagh","2","8","0"
"21","Killie Holcroft","2","5","0"
"22","Kara-lynn Warfield","3","1","0"
"23","Tally Dowber","3","2","0"
"24","Gerhard Sadler","3","3","0"
"25","Riva Ghiraldi","3","4","0"
"26","Dodie Cosbee","3","5","0"
"27","Almeria Russ","3","6","0"
"28","Alvy Furley","3","7","0"
"29","Trace Ambrus","3","8","0"
"30","Levin Stallybrass","4","1","0"
"31","Lissa Dewhurst","4","2","0"
"32","Shamus Reame","4","3","0"
"33","Aloysius Rubinsztein","4","4","0"
"34","Alisun MacKay","4","5","0"
"35","Ina Corbally","4","6","0"
"36","Vern Eivers","4","7","0"
"37","Claude Basindale","4","8","0"
"38","Melisenda Maffioni","4","1","0"
"39","Shawnee Ruselin","5","1","0"
"40","Karlyn Breitling","5","2","0"
"41","Eden Beastall","5","3","0"
"42","Caty Juris","5","4","0"
"43","Isis Lotze","5","5","0"
"44","Rosemaria Downe","5","6","0"
"45","Doralin Kirwin","5","7","0"
"46","Glory Troppmann","5","8","0"
"47","Allyson Haydock","5","1","0"
"48","Kayley Cathie","5","2","0"
"49","Judi Fellis","6","1","0"
"50","Frieda Athow","6","2","0"
"51","Petr Connell","6","3","0"
"52","Feodor Duckfield","6","4","0"
"53","Nana Clyde","6","5","0"
"54","Denys Blazhevich","6","6","0"
"55","Cointon Ormesher","6","7","0"
"56","Lenee Daish","6","8","0"
"57","Vannie Glowinski","6","1","0"
"58","Sullivan Chattoe","6","2","0"
"59","Hilary Richings","7","1","0"
"60","Seka Stanex","7","2","0"
"61","Erny Carnelley","7","3","0"
"62","Johnna Utley","7","4","0"
"63","Nataniel Jaquin","7","5","0"
"64","Bella Bowhay","7","6","0"
"65","Friedrick Sealeaf","7","7","0"
"66","Perren Keele","7","8","0"
"67","Whitaker Dolder","7","1","0"
"68","Ned Penticost","8","1","0"
"69","Anabella Skeldon","8","2","0"
"70","Reinaldo Keeley","8","3","0"
"71","Karlene Segar","8","4","0"
"72","Winne Pedrielli","8","5","0"
"73","Mychal Saundercock","8","6","0"
"74","Zechariah Villaret","8","7","0"
"75","Harv Gavigan","8","8","0"
"76","Tully Conner","8","3","0"
"77","Otis Goodlatt","9","1","0"
"78","Janis Harse","9","2","0"
"79","Correna Baltzar","9","3","0"
"80","Hamilton Wallentin","9","4","0"
"81","Alfi Ailsbury","9","5","0"
"82","Loleta Mabbott","9","6","0"
"83","Moina Vergo","9","7","0"
"84","Alissa Graver","9","8","0"
"85","Ileane Whitbread","9","4","0"
"86","Carey Klimkovich","10","1","0"
"87","Kareem Sheran","10","2","0"
"88","Dorena Wybourne","10","3","0"
"89","Denny Gooddie","10","4","0"
"90","Julia Aris","10","5","0"
"91","Dukie Keesman","10","6","0"
"92","Elvira Cicci","10","7","0"
"93","Ralph Ledur","10","8","0"
"94","Arnold Garrioch","10","3","0"
"95","Cassandry Godier","10","4","0"
